label,raw_score,risk,decision
0,0.05370392770823751,30.88,MONITOR
0,0.02418742211236591,41.03,MONITOR
0,0.056436517834155375,30.02,MONITOR
0,0.08434768417317173,22.01,ALLOW
0,0.048131614739180484,32.7,MONITOR
0,0.05285777399586267,31.16,MONITOR
0,0.06445671023091104,27.55,ALLOW
0,0.024269415842940956,41.0,MONITOR
0,0.04362883439508636,34.2,MONITOR
0,0.05918744744455373,29.16,ALLOW
0,0.01913769893324302,42.87,MONITOR
0,0.00581526085096673,47.82,MONITOR
0,0.032322813385116556,38.11,MONITOR
0,0.026897791349393296,40.05,MONITOR
0,0.04285130947047444,34.46,MONITOR
0,0.04806399239927028,32.72,MONITOR
0,0.07164140269355657,25.45,ALLOW
0,0.044900530941301864,33.77,MONITOR
0,0.02255753309500297,41.62,MONITOR
0,0.06317726808901203,27.94,ALLOW
0,0.04458781006924928,33.88,MONITOR
0,0.0245674806635654,40.89,MONITOR
1,0.044669571482456205,33.85,MONITOR
0,0.07132462520308613,25.54,ALLOW
0,0.042335483673027974,34.64,MONITOR
0,0.10296547218892821,17.59,ALLOW
0,0.030022359171525737,38.93,MONITOR
0,0.02352517698476786,41.27,MONITOR
0,0.0477073506081801,32.84,MONITOR
0,0.05717769276060469,29.78,ALLOW
0,0.05952861405734,29.05,ALLOW
0,0.023060694647179192,41.44,MONITOR
0,0.07251440415793331,25.2,ALLOW
0,0.09290939313955471,19.88,ALLOW
0,0.04306096616916999,34.39,MONITOR
0,0.007247120514289329,47.29,MONITOR
1,0.049975452399519615,32.09,MONITOR
0,0.07409547083135903,24.76,ALLOW
1,0.023498735908324186,41.28,MONITOR
0,0.08328625488565611,22.28,ALLOW
0,0.04640653154713592,33.27,MONITOR
0,0.031877119421112377,38.27,MONITOR
1,0.03782327875416869,36.18,MONITOR
0,0.05441952231333136,30.66,MONITOR
0,0.04179341220294108,34.82,MONITOR
0,0.047523855453768804,32.9,MONITOR
0,0.04828850630142523,32.64,MONITOR
0,0.014081654710001557,44.74,MONITOR
0,0.043674762649183685,34.18,MONITOR
0,0.06154319712437406,28.43,ALLOW
0,0.03793900112012716,36.14,MONITOR
0,0.05148131393083477,31.6,MONITOR
0,0.016988761124166807,43.66,MONITOR
0,0.04792275704767068,32.76,MONITOR
0,0.07048048631949289,25.78,ALLOW
0,0.020462146427277728,42.39,MONITOR
0,0.05742586823686324,29.7,ALLOW
0,0.05489980326206545,30.5,MONITOR
0,0.07032060456044964,25.83,ALLOW
0,0.03727986146845219,36.37,MONITOR
0,0.05695687631447377,29.85,ALLOW
0,0.033668910811926134,37.64,MONITOR
0,0.009662477399215552,46.38,MONITOR
0,0.06410955709770172,27.65,ALLOW
0,0.0366436459873164,36.59,MONITOR
0,0.029302185749843668,39.19,MONITOR
0,0.029272406997176037,39.2,MONITOR
0,0.09757175835148657,18.79,ALLOW
0,0.07015348369003027,25.88,ALLOW
1,0.017880469948495237,43.33,MONITOR
0,0.04753552663974914,32.89,MONITOR
0,0.019554870009886094,42.72,MONITOR
0,0.03681109105319336,36.54,MONITOR
0,0.06992839307316279,25.94,ALLOW
0,0.04261271506986675,34.54,MONITOR
0,0.04292095268888241,34.44,MONITOR
0,0.06412810301661198,27.65,ALLOW
0,0.018054449157120844,43.27,MONITOR
0,0.048872914356105523,32.45,MONITOR
0,0.064672973933946,27.49,ALLOW
0,0.06372899576654822,27.77,ALLOW
0,0.052922364666160404,31.13,MONITOR
0,0.05028715020028662,31.99,MONITOR
0,0.07029174114587211,25.84,ALLOW
0,0.022903390331872053,41.49,MONITOR
0,0.022072736420965744,41.8,MONITOR
0,0.06571198462382244,27.18,ALLOW
1,0.07925089044231126,23.35,ALLOW
0,0.03956647662359147,35.58,MONITOR
0,0.044559640896458474,33.89,MONITOR
0,0.029134159678069538,39.25,MONITOR
0,0.03899901880352408,35.78,MONITOR
0,0.06693821029257085,26.81,ALLOW
0,0.061301182906801865,28.51,ALLOW
0,0.036026356875588084,36.81,MONITOR
0,0.031115995999724255,38.54,MONITOR
0,0.09623116421178957,19.1,ALLOW
0,0.04184766992370248,34.8,MONITOR
0,0.05135036688765471,31.64,MONITOR
0,0.041846712130812924,34.8,MONITOR
0,0.07333038057782082,24.97,ALLOW
0,0.040284131702647774,35.34,MONITOR
0,0.0679656816590205,26.51,ALLOW
0,0.09649723293830287,19.04,ALLOW
0,0.028456780734257392,39.49,MONITOR
0,0.04943280617684498,32.27,MONITOR
0,0.06947050422324152,26.08,ALLOW
0,0.05393338037134432,30.81,MONITOR
0,0.04824390118040067,32.66,MONITOR
0,0.016754024322158334,43.75,MONITOR
0,0.0032909014203093,48.77,MONITOR
0,0.03149384508407094,38.4,MONITOR
0,0.028915750473154533,39.32,MONITOR
0,0.07853778540304168,23.54,ALLOW
0,0.04255456098397581,34.56,MONITOR
0,0.003180096607836136,48.81,MONITOR
0,0.05488421370763574,30.51,MONITOR
0,0.025770404856473972,40.45,MONITOR
0,0.06557942268950279,27.22,ALLOW
0,0.02891606064511698,39.32,MONITOR
0,0.04342350976653653,34.27,MONITOR
1,0.08250602086234304,22.49,ALLOW
0,0.03969560069776523,35.54,MONITOR
1,0.03093422618493058,38.6,MONITOR
0,0.041201070591966094,35.02,MONITOR
0,0.09038060357835737,20.49,ALLOW
0,0.022292387025372062,41.72,MONITOR
0,0.02162642408387927,41.96,MONITOR
0,0.09040988162076846,20.49,ALLOW
0,0.03541496972392488,37.02,MONITOR
0,0.0763744983736181,24.13,ALLOW
0,0.02895937823332262,39.31,MONITOR
0,0.06414834444810702,27.64,ALLOW
0,0.010003982623349783,46.26,MONITOR
0,0.03794819152851092,36.14,MONITOR
0,0.02706287833737553,39.99,MONITOR
0,0.04958808770861567,32.22,MONITOR
0,0.004901083628897851,48.16,MONITOR
1,0.034811895146056426,37.23,MONITOR
0,0.026667470195907872,40.13,MONITOR
0,0.030369524226101507,38.8,MONITOR
0,0.06769899379776156,26.59,ALLOW
0,0.05117525795260203,31.7,MONITOR
0,0.06745662176484046,26.66,ALLOW
0,0.055543234973562394,30.3,MONITOR
0,0.04716841149356876,33.01,MONITOR
0,0.02761806290060187,39.79,MONITOR
0,0.03478005870254641,37.25,MONITOR
0,0.041503566174779793,34.92,MONITOR
1,-0.008485227167763343,53.18,MONITOR
0,-0.005431284967350236,52.04,MONITOR
0,0.049031955890931456,32.4,MONITOR
0,0.04964126681524794,32.2,MONITOR
0,0.08188548659973405,22.65,ALLOW
0,0.04559937515333967,33.54,MONITOR
0,0.06679488153722668,26.86,ALLOW
0,0.039876795323594894,35.48,MONITOR
0,0.034890821755180323,37.21,MONITOR
0,0.04169404160387302,34.86,MONITOR
0,0.05790269097211376,29.56,ALLOW
0,0.05655102387762334,29.98,ALLOW
0,0.04021056286747571,35.36,MONITOR
0,0.03508871653664669,37.14,MONITOR
0,0.02309688655575226,41.42,MONITOR
0,0.05899663699272051,29.22,ALLOW
0,0.038710064966852364,35.88,MONITOR
0,0.06855591184302401,26.34,ALLOW
0,0.004876920924410166,48.17,MONITOR
0,0.056678259352914484,29.94,ALLOW
0,0.06604959994950643,27.08,ALLOW
0,0.05446558313046301,30.64,MONITOR
1,0.02556221346743437,40.53,MONITOR
0,0.05256097843797125,31.25,MONITOR
0,0.026704869221859107,40.12,MONITOR
0,0.044708628311777576,33.84,MONITOR
0,0.03443030637907396,37.37,MONITOR
0,0.06468875879257174,27.48,ALLOW
0,0.0433066815753026,34.31,MONITOR
0,0.04772303600273342,32.83,MONITOR
0,0.02257933271178114,41.61,MONITOR
0,0.055181023436145615,30.41,MONITOR
0,0.03376080768516365,37.6,MONITOR
0,0.0258671930217772,40.42,MONITOR
1,0.06899895797269262,26.21,ALLOW
0,0.06421776780223698,27.62,ALLOW
1,0.02333275199389484,41.34,MONITOR
0,0.028112389150731443,39.61,MONITOR
0,0.053419539841445984,30.97,MONITOR
0,0.02977146490479743,39.02,MONITOR
0,0.03334502040090237,37.75,MONITOR
0,0.02886449763337895,39.34,MONITOR
0,0.07041816162303205,25.8,ALLOW
0,0.04819169395851719,32.68,MONITOR
0,0.022667915737657474,41.58,MONITOR
0,0.03624674647700632,36.73,MONITOR
0,0.07018056120096372,25.87,ALLOW
0,0.03420322050753477,37.45,MONITOR
0,0.07328334238482026,24.99,ALLOW
0,0.03033818992959003,38.82,MONITOR
0,0.04225642684286457,34.66,MONITOR
0,0.011243138113270601,45.79,MONITOR
0,0.06332918527263443,27.89,ALLOW
0,0.028542080031275674,39.46,MONITOR
0,0.03566546266872317,36.94,MONITOR
0,0.07429053876866831,24.71,ALLOW
0,0.01653948163062935,43.83,MONITOR
0,0.02170752294012135,41.93,MONITOR
0,0.04130558277403573,34.99,MONITOR
0,0.048187180907433014,32.68,MONITOR
0,0.04259051677095527,34.55,MONITOR
0,0.010222662186086584,46.17,MONITOR
0,0.07710355628077248,23.93,ALLOW
0,0.032997989201890565,37.87,MONITOR
0,0.06609076527819624,27.06,ALLOW
1,0.04475021973222637,33.82,MONITOR
0,0.023557340980405295,41.26,MONITOR
0,0.03256789351024192,38.02,MONITOR
0,0.03639893307357922,36.68,MONITOR
0,0.021591785324733825,41.97,MONITOR
1,0.024160291615084817,41.04,MONITOR
1,0.030988739530964926,38.58,MONITOR
1,0.06491833561504334,27.41,ALLOW
1,0.0633447911374222,27.89,ALLOW
0,0.010841586758325139,45.94,MONITOR
0,0.06950336279431646,26.07,ALLOW
0,0.03329753778303113,37.77,MONITOR
0,0.033931099470873693,37.54,MONITOR
0,0.05091458643950686,31.78,MONITOR
0,0.06759554508825294,26.62,ALLOW
0,0.024396541545806394,40.95,MONITOR
0,0.03290460649716542,37.91,MONITOR
0,0.011261733422640807,45.79,MONITOR
0,0.06417011156435604,27.64,ALLOW
0,0.016847575841588025,43.72,MONITOR
1,0.026096319453666528,40.34,MONITOR
0,0.08399802784476473,22.1,ALLOW
0,0.06513440516099134,27.35,ALLOW
0,0.02844091948901084,39.49,MONITOR
0,0.06756763015926615,26.63,ALLOW
0,0.05873395030457229,29.3,ALLOW
0,0.05837162770952409,29.41,ALLOW
0,0.030763711158905305,38.66,MONITOR
0,0.0510387619842001,31.74,MONITOR
0,0.03768672264621753,36.23,MONITOR
0,0.03138690721115456,38.44,MONITOR
0,0.016722806707850646,43.76,MONITOR
0,0.020485805997661588,42.38,MONITOR
0,0.027586404279635657,39.8,MONITOR
0,0.03290437229595011,37.91,MONITOR
0,0.012418883422249172,45.36,MONITOR
0,0.053961035306064775,30.8,MONITOR
0,0.07008834232187777,25.9,ALLOW
0,0.01763799849522596,43.42,MONITOR
0,0.07331104305204972,24.98,ALLOW
0,0.05885239121352848,29.26,ALLOW
0,0.07850694068597897,23.55,ALLOW
0,0.07002472351618327,25.92,ALLOW
0,0.045439193007651646,33.59,MONITOR
1,0.06267348145758167,28.09,ALLOW
0,0.03424606816707587,37.43,MONITOR
0,0.07167219528651825,25.44,ALLOW
1,0.04048738868856083,35.27,MONITOR
0,0.046478919878563785,33.24,MONITOR
0,0.029434649791337586,39.14,MONITOR
0,0.029499211715028673,39.11,MONITOR
0,0.06079851596322228,28.66,ALLOW
0,0.025472821650002864,40.56,MONITOR
1,0.07368363192632843,24.88,ALLOW
0,0.03447316002858447,37.35,MONITOR
1,0.07919906871245319,23.36,ALLOW
0,0.05697534439318097,29.85,ALLOW
0,0.06679248875197574,26.86,ALLOW
1,0.050073171312020714,32.06,MONITOR
0,0.03190658574351435,38.26,MONITOR
0,0.03693058970618057,36.49,MONITOR
0,0.02530412109178526,40.62,MONITOR
0,0.002961535525626391,48.89,MONITOR
0,0.06142980752602667,28.47,ALLOW
0,0.04318651004136265,34.35,MONITOR
1,0.058688661501714035,29.31,ALLOW
0,0.019773799724417507,42.64,MONITOR
0,0.007929751203885282,47.03,MONITOR
0,0.07986912656368728,23.18,ALLOW
0,0.03988624712871147,35.47,MONITOR
0,0.05372573309869122,30.88,MONITOR
0,0.04251728020887857,34.58,MONITOR
0,0.051118849766775054,31.72,MONITOR
0,0.05356480419686682,30.93,MONITOR
0,0.075172397973154,24.46,ALLOW
0,0.030711090267643848,38.68,MONITOR
0,0.02137485418400209,42.05,MONITOR
0,0.010790147589249566,45.96,MONITOR
0,0.08022850550297289,23.09,ALLOW
0,0.03531048311692997,37.06,MONITOR
1,0.02786586289861781,39.7,MONITOR
1,0.05670995481876129,29.93,ALLOW
0,0.06457947664819574,27.51,ALLOW
0,0.055585779522971834,30.28,MONITOR
0,0.10594082885097961,16.95,ALLOW
1,0.08937115542266016,20.74,ALLOW
0,0.035234441377343106,37.09,MONITOR
0,0.05122914632889053,31.68,MONITOR
0,0.049630154856678654,32.2,MONITOR
0,0.039925031406048195,35.46,MONITOR
0,0.04158848556745587,34.89,MONITOR
1,0.06298346633019647,27.99,ALLOW
0,0.021947529071447147,41.84,MONITOR
0,0.02478481197333382,40.81,MONITOR
0,0.02050573961155533,42.37,MONITOR
0,0.08454841865209595,21.96,ALLOW
0,0.07459897811762128,24.62,ALLOW
0,0.025838761890515594,40.43,MONITOR
0,0.07182902372519273,25.4,ALLOW
0,0.0269136262678773,40.04,MONITOR
0,0.005725133854484699,47.85,MONITOR
0,0.08611571064696877,21.56,ALLOW
0,0.026302029898504498,40.26,MONITOR
0,0.020239124050862478,42.47,MONITOR
0,0.09251703970551589,19.98,ALLOW
0,0.018298076293997156,43.18,MONITOR
1,0.018875291951231832,42.97,MONITOR
0,0.03765592564906428,36.24,MONITOR
1,0.07474310781593163,24.58,ALLOW
0,0.06162547714261479,28.41,ALLOW
0,0.055185939402988216,30.41,MONITOR
0,0.06308903270822552,27.96,ALLOW
0,0.04276529339231949,34.49,MONITOR
0,0.05621271887256163,30.09,MONITOR
1,0.06937019330811012,26.1,ALLOW
0,0.022411076743547698,41.67,MONITOR
0,0.01651192730722184,43.84,MONITOR
0,0.05731476898472221,29.74,ALLOW
0,0.04972697090364464,32.17,MONITOR
0,0.040103497413850664,35.4,MONITOR
1,0.06022858508176454,28.83,ALLOW
0,0.05241227723400799,31.3,MONITOR
0,0.017431953412827106,43.5,MONITOR
0,0.042991977301079065,34.41,MONITOR
0,0.03336203375729252,37.74,MONITOR
0,0.027889000705757172,39.69,MONITOR
0,0.041993828394093935,34.75,MONITOR
0,0.06488590003755945,27.42,ALLOW
0,0.03727327854509277,36.38,MONITOR
0,0.06414516011865745,27.64,ALLOW
0,0.035881454622176956,36.86,MONITOR
1,0.040739819792635634,35.18,MONITOR
1,0.06173023094057839,28.37,ALLOW
0,0.0033002489783248157,48.76,MONITOR
0,0.05236120651616305,31.32,MONITOR
0,0.04840278063147052,32.61,MONITOR
0,0.04211926760946161,34.71,MONITOR
0,0.03258695101130693,38.02,MONITOR
0,0.03329710121184515,37.77,MONITOR
0,0.11652261576334016,14.83,ALLOW
0,0.0733298767063234,24.97,ALLOW
0,0.03185916597161398,38.28,MONITOR
0,0.046050517167252614,33.39,MONITOR
0,0.01707435303673266,43.63,MONITOR
0,0.04979490532202824,32.15,MONITOR
0,0.027772721362260055,39.73,MONITOR
0,0.050023797181480534,32.07,MONITOR
0,0.025270384803082635,40.64,MONITOR
0,0.038146816392547356,36.07,MONITOR
0,0.03030942579460716,38.83,MONITOR
0,0.0446823392683926,33.84,MONITOR
1,0.04222383544956909,34.67,MONITOR
0,0.05482701630841802,30.53,MONITOR
0,0.06103853620450195,28.59,ALLOW
0,0.08922377153913175,20.78,ALLOW
0,0.011673513795373403,45.63,MONITOR
0,0.04229840760727133,34.65,MONITOR
0,0.06609772135211756,27.06,ALLOW
0,0.0630177560614521,27.98,ALLOW
1,0.030906556814924158,38.61,MONITOR
0,0.035559401449341554,36.97,MONITOR
0,0.06978876638393983,25.98,ALLOW
0,-0.011555892224676123,54.32,MONITOR
0,0.03353572774774438,37.68,MONITOR
1,0.02742665018222301,39.86,MONITOR
1,0.03245260604743849,38.07,MONITOR
0,0.04168159112860892,34.86,MONITOR
0,0.02747601107046216,39.84,MONITOR
0,0.049681747162779066,32.19,MONITOR
0,0.04093938693324117,35.11,MONITOR
0,0.035575398287011506,36.97,MONITOR
0,0.005559863886141714,47.92,MONITOR
0,0.06136194095941738,28.49,ALLOW
0,0.08371632325002987,22.17,ALLOW
0,0.09916114091076023,18.43,ALLOW
0,0.06025095665000002,28.83,ALLOW
0,0.0232401593488627,41.37,MONITOR
0,0.06994664607624601,25.94,ALLOW
0,0.03194931972582005,38.24,MONITOR
0,0.05307688833637769,31.08,MONITOR
0,0.08997950757978368,20.59,ALLOW
0,0.07166076249384656,25.45,ALLOW
0,0.06057744036794688,28.73,ALLOW
0,0.0450170340499253,33.73,MONITOR
0,0.049592781941176,32.22,MONITOR
0,0.08626905653706729,21.52,ALLOW
1,0.049469533865593496,32.26,MONITOR
0,0.04311790059931586,34.37,MONITOR
0,0.06907678497896907,26.19,ALLOW
0,0.022533853598003306,41.63,MONITOR
0,0.04314004014379125,34.36,MONITOR
0,0.06287514964820728,28.03,ALLOW
0,0.010431444586879057,46.1,MONITOR
0,0.07853693726667255,23.54,ALLOW
1,0.05285516454231387,31.16,MONITOR
0,0.030695107214717354,38.69,MONITOR
0,0.04258377677833447,34.55,MONITOR
0,0.08787044304159841,21.11,ALLOW
0,0.019796727403479597,42.63,MONITOR
1,0.013477119429496143,44.96,MONITOR
0,0.018184418784022216,43.22,MONITOR
0,0.05405569547475586,30.77,MONITOR
0,0.0697648068354062,25.99,ALLOW
0,0.04838000734195591,32.61,MONITOR
1,0.00957453721442747,46.42,MONITOR
0,0.06041635253691857,28.78,ALLOW
0,0.00014358453075724587,49.95,MONITOR
1,0.02533070069911414,40.61,MONITOR
0,0.07823481730944881,23.62,ALLOW
0,0.043562652180671346,34.22,MONITOR
0,0.09620037251519298,19.11,ALLOW
0,0.06531148389039632,27.3,ALLOW
0,0.05192845116624589,31.46,MONITOR
0,0.056820126594976816,29.9,ALLOW
0,0.09278239844710018,19.91,ALLOW
0,0.001739148687409653,49.35,MONITOR
0,0.06078439391461077,28.66,ALLOW
0,0.04403777717980406,34.06,MONITOR
0,0.02717552981491822,39.95,MONITOR
0,0.016188125814600496,43.96,MONITOR
0,0.05442347628592026,30.65,MONITOR
0,0.04414232026664466,34.03,MONITOR
0,0.098982798121175,18.47,ALLOW
0,0.027803491059286034,39.72,MONITOR
0,0.058614259696437854,29.33,ALLOW
0,0.04647559943941604,33.24,MONITOR
0,0.04458447119882547,33.88,MONITOR
0,0.04523910506638362,33.66,MONITOR
0,0.057262551807995665,29.76,ALLOW
0,0.050980475068738595,31.76,MONITOR
0,0.06890997990594105,26.24,ALLOW
0,0.03845261669408895,35.97,MONITOR
0,0.07292841307360243,25.09,ALLOW
0,0.08509674958425717,21.82,ALLOW
0,0.0940001706608859,19.62,ALLOW
0,0.04865991495464461,32.52,MONITOR
0,0.048139120006774005,32.69,MONITOR
0,0.03377076819224989,37.6,MONITOR
0,0.06129777573520501,28.51,ALLOW
0,0.030817394825018884,38.64,MONITOR
0,0.05701900148820804,29.83,ALLOW
0,0.039301816426398295,35.67,MONITOR
0,0.008545027567952612,46.8,MONITOR
0,0.033678875911390516,37.63,MONITOR
0,0.019931578133232764,42.58,MONITOR
0,0.055203805241469395,30.41,MONITOR
0,0.023838230995319343,41.15,MONITOR
0,0.06001241830691295,28.9,ALLOW
0,0.043287202411824044,34.31,MONITOR
0,0.04732423115025741,32.96,MONITOR
0,0.04802488302015362,32.73,MONITOR
0,0.08524951524146762,21.78,ALLOW
0,0.08081894743142981,22.93,ALLOW
0,0.05607357137800595,30.13,MONITOR
0,0.021413874389613174,42.04,MONITOR
0,0.026603760792082487,40.15,MONITOR
0,0.045240353750636175,33.66,MONITOR
0,0.076370947755808,24.13,ALLOW
0,0.018755915520424216,43.01,MONITOR
0,0.028139646133721108,39.6,MONITOR
0,0.04220480602980259,34.68,MONITOR
1,0.08862818884836077,20.93,ALLOW
0,0.03916736611879135,35.72,MONITOR
0,0.02813145883229018,39.6,MONITOR
0,0.03339403305125921,37.73,MONITOR
0,0.04714026393262871,33.02,MONITOR
0,0.010227043500247723,46.17,MONITOR
0,0.08550959302487193,21.71,ALLOW
0,0.05540586603590636,30.34,MONITOR
0,0.022244941951584107,41.73,MONITOR
0,0.05253133223518136,31.26,MONITOR
0,0.017206704228994507,43.58,MONITOR
0,0.020304546846734883,42.44,MONITOR
0,0.038311155244875605,36.02,MONITOR
0,0.024659187349090006,40.86,MONITOR
1,0.0253291314343429,40.61,MONITOR
0,0.026572721592456827,40.17,MONITOR
1,0.0344588958163764,37.36,MONITOR
0,0.0754403369082447,24.39,ALLOW
0,0.020026209369453207,42.55,MONITOR
0,0.06367231020986963,27.79,ALLOW
0,0.02883809685418237,39.35,MONITOR
0,0.06327892358763376,27.9,ALLOW
0,0.0409193851699019,35.12,MONITOR
0,0.056907831197202885,29.87,ALLOW
0,0.0778761537679461,23.72,ALLOW
0,0.0640399990220446,27.68,ALLOW
1,0.03728564683957891,36.37,MONITOR
0,0.05076337891823102,31.83,MONITOR
0,2.0877786918171992e-06,50.0,MONITOR
0,0.029448904434191903,39.13,MONITOR
0,-0.002231917703984121,50.84,MONITOR
0,0.04756048147343506,32.88,MONITOR
0,0.041907820013418196,34.78,MONITOR
0,0.030471574363945653,38.77,MONITOR
0,0.06569927653349128,27.18,ALLOW
0,0.019146868042421494,42.87,MONITOR
0,0.052990250332638156,31.11,MONITOR
0,0.0335310423784998,37.68,MONITOR
0,0.01819520936096186,43.22,MONITOR
1,0.009664392779593856,46.38,MONITOR
0,0.03588924591918696,36.86,MONITOR
0,0.039824191780167384,35.49,MONITOR
0,0.04359069415577088,34.21,MONITOR
0,0.06731633539856441,26.7,ALLOW
0,0.030116417606142365,38.89,MONITOR
0,0.0793043084330769,23.33,ALLOW
0,0.060138622490198634,28.86,ALLOW
0,0.06399910907248874,27.69,ALLOW
0,0.0664631241151743,26.95,ALLOW
0,0.0008207167316786057,49.69,MONITOR
0,0.06323667186270931,27.92,ALLOW
0,0.01633537622343928,43.9,MONITOR
0,0.053192067883893634,31.05,MONITOR
0,0.053952866754286566,30.8,MONITOR
0,0.03241516110600873,38.08,MONITOR
0,0.059096097534355185,29.18,ALLOW
0,0.06267275600827271,28.09,ALLOW
0,0.016136412309584625,43.98,MONITOR
0,0.06191303607847265,28.32,ALLOW
0,0.036063440800259916,36.8,MONITOR
1,0.0545463653458792,30.61,MONITOR
0,0.057503779237234265,29.68,ALLOW
0,0.06572636353220285,27.17,ALLOW
1,0.02190169451455226,41.86,MONITOR
0,0.030240805160100193,38.85,MONITOR
1,0.04389605330922908,34.11,MONITOR
0,0.05023941722839398,32.0,MONITOR
0,0.022430027820367737,41.67,MONITOR
0,0.013972164680636445,44.78,MONITOR
0,0.06168651731396291,28.39,ALLOW
0,0.026492362699230165,40.19,MONITOR
0,0.031314351872754664,38.47,MONITOR
0,0.04696269916507145,33.08,MONITOR
0,0.08035283887049982,23.05,ALLOW
0,0.029899524290631474,38.97,MONITOR
1,0.05121870268132267,31.69,MONITOR
0,0.029465373270442408,39.13,MONITOR
0,0.062376877907081574,28.18,ALLOW
1,0.046628160436974375,33.19,MONITOR
0,0.035712958845575016,36.92,MONITOR
0,0.04845785026578775,32.59,MONITOR
0,0.05525284707767175,30.39,MONITOR
0,0.017360871134630806,43.53,MONITOR
0,0.07675889024781102,24.02,ALLOW
0,0.03156907225758343,38.38,MONITOR
0,0.010003482526540486,46.26,MONITOR
0,0.06467000716610538,27.49,ALLOW
0,0.07483967757451604,24.55,ALLOW
0,0.07298267667325908,25.07,ALLOW
0,0.05237108729450557,31.31,MONITOR
0,0.06601403677286777,27.09,ALLOW
0,0.08575079748321124,21.65,ALLOW
0,0.04450200005455818,33.91,MONITOR
0,0.05113449354654298,31.71,MONITOR
0,0.07029485447943051,25.84,ALLOW
0,0.0587978056917996,29.28,ALLOW
0,0.008907720901161098,46.66,MONITOR
0,0.036836296087318754,36.53,MONITOR
0,0.033613554620111286,37.66,MONITOR
0,0.05537261687122619,30.35,MONITOR
0,0.0123965677458453,45.36,MONITOR
0,0.07661453025922571,24.06,ALLOW
0,0.042031578616880116,34.74,MONITOR
0,0.040419587107983324,35.29,MONITOR
1,0.06154240641129616,28.43,ALLOW
0,0.01634990870976294,43.9,MONITOR
0,0.05132602198759295,31.65,MONITOR
0,0.050466616236353845,31.93,MONITOR
0,0.03631092183234719,36.71,MONITOR
0,0.028796289478641768,39.37,MONITOR
0,0.022941041787842065,41.48,MONITOR
0,0.0665783504154347,26.92,ALLOW
0,0.032778124623126015,37.95,MONITOR
0,0.04032729017516279,35.32,MONITOR
0,0.03437505111699379,37.39,MONITOR
0,0.025080206781768588,40.7,MONITOR
0,0.06814865527071234,26.46,ALLOW
0,0.029222476985758306,39.21,MONITOR
0,0.027696658801993457,39.76,MONITOR
0,0.019269953755931213,42.82,MONITOR
0,0.05650990415131085,29.99,ALLOW
1,0.02256390269481323,41.62,MONITOR
0,0.037798411013143185,36.19,MONITOR
0,0.04267513068716866,34.52,MONITOR
1,0.0697041035517596,26.01,ALLOW
0,0.04497969388451595,33.74,MONITOR
0,0.07701004267084222,23.95,ALLOW
0,0.05693217394347716,29.86,ALLOW
0,0.05327589884037587,31.02,MONITOR
0,0.06800710563827594,26.5,ALLOW
0,0.024180090023961154,41.03,MONITOR
0,0.07957910615873931,23.26,ALLOW
0,0.046646995501748,33.19,MONITOR
0,0.02246249627482333,41.66,MONITOR
0,0.07007322784663872,25.9,ALLOW
0,0.025826617571302113,40.43,MONITOR
0,0.06847543784014065,26.36,ALLOW
0,0.07201689865527094,25.35,ALLOW
0,0.059253827140745785,29.14,ALLOW
0,0.02394468732096211,41.12,MONITOR
0,0.04880586116902397,32.47,MONITOR
0,0.02628315451682639,40.27,MONITOR
0,0.05212856737787552,31.39,MONITOR
0,0.03968168660115878,35.54,MONITOR
0,0.04346150724763409,34.26,MONITOR
0,0.03926439624697853,35.69,MONITOR
0,0.04531689823284213,33.63,MONITOR
0,0.08732435019905449,21.25,ALLOW
0,-0.00605704795220785,52.27,MONITOR
0,0.04816974773996929,32.68,MONITOR
0,0.040984892428426845,35.1,MONITOR
0,0.033115441056752126,37.83,MONITOR
1,0.052487851753988846,31.27,MONITOR
1,0.05402018118242735,30.78,MONITOR
0,0.0742664614587717,24.71,ALLOW
0,0.041355760940742226,34.97,MONITOR
1,0.08491698382023427,21.86,ALLOW
0,0.01658223923602231,43.81,MONITOR
0,0.04301500564987659,34.41,MONITOR
0,0.07862317422496956,23.52,ALLOW
0,0.05319772069492679,31.05,MONITOR
0,0.03745723646264976,36.31,MONITOR
0,0.038454569369003044,35.97,MONITOR
0,0.03315049633427225,37.82,MONITOR
0,0.07100790894688946,25.63,ALLOW
0,0.0607412843797861,28.68,ALLOW
0,0.04138556968620832,34.96,MONITOR
0,0.010095093083022144,46.22,MONITOR
0,0.028059187195214164,39.63,MONITOR
0,0.02030307171040635,42.44,MONITOR
0,0.046388229539950254,33.27,MONITOR
1,0.022248108277061807,41.73,MONITOR
0,0.03835896795897098,36.0,MONITOR
0,0.0824138752387511,22.51,ALLOW
0,0.058503710770789086,29.37,ALLOW
0,0.05287066477315272,31.15,MONITOR
1,0.02987382140717687,38.98,MONITOR
0,0.04291835354931128,34.44,MONITOR
0,0.03880851933576657,35.84,MONITOR
0,0.04718707044087911,33.01,MONITOR
0,0.0465596733508199,33.22,MONITOR
0,0.07001545640065299,25.92,ALLOW
0,0.038088354657311196,36.09,MONITOR
0,0.060322790220134315,28.81,ALLOW
0,0.03968744478624242,35.54,MONITOR
0,0.029921703359718665,38.96,MONITOR
0,0.050048000446988095,32.07,MONITOR
0,0.06047135555679739,28.76,ALLOW
1,0.05704840424558122,29.82,ALLOW
0,0.046646479494136694,33.19,MONITOR
0,0.03247721483130339,38.06,MONITOR
1,0.07514128651360197,24.47,ALLOW
0,0.08385077505454352,22.14,ALLOW
0,0.02972576036305563,39.03,MONITOR
0,0.03283770699274524,37.93,MONITOR
0,0.025217437772184992,40.65,MONITOR
0,0.03114884706503296,38.53,MONITOR
0,0.06254029680733586,28.13,ALLOW
0,0.03420786442904045,37.45,MONITOR
0,0.04436981467031165,33.95,MONITOR
0,0.00572782796849991,47.85,MONITOR
0,0.01061186785914936,46.03,MONITOR
0,0.06493478025321431,27.41,ALLOW
0,0.04556583833923189,33.55,MONITOR
0,0.05978965559923233,28.97,ALLOW
0,0.06187478503211552,28.33,ALLOW
0,0.08768629126255845,21.16,ALLOW
1,0.04543510594992173,33.59,MONITOR
0,0.048952487479616225,32.43,MONITOR
0,0.03245497770795591,38.06,MONITOR
0,0.04027966332573796,35.34,MONITOR
0,0.0469402687687277,33.09,MONITOR
0,0.05018404472035798,32.02,MONITOR
1,-0.012299667052414587,54.6,MONITOR
0,0.05200326276807565,31.43,MONITOR
0,0.04703757593326496,33.06,MONITOR
0,0.02525081119804007,40.64,MONITOR
0,0.038112887275702056,36.08,MONITOR
0,0.044055416351546195,34.06,MONITOR
0,0.05695980191630412,29.85,ALLOW
1,0.04401180095044366,34.07,MONITOR
1,0.014751650988449105,44.49,MONITOR
1,0.08150354835652074,22.75,ALLOW
0,0.040363401120933395,35.31,MONITOR
0,0.03706433204004422,36.45,MONITOR
0,0.04766827705800569,32.85,MONITOR
0,0.06130583987521987,28.5,ALLOW
0,0.04371511220248092,34.17,MONITOR
0,0.06251966336709158,28.13,ALLOW
0,0.04483803235652628,33.79,MONITOR
0,0.08899493866586933,20.83,ALLOW
0,0.016569088839963553,43.82,MONITOR
0,0.03179836438712991,38.3,MONITOR
0,0.07757595900368086,23.8,ALLOW
0,0.051729494420565514,31.52,MONITOR
0,0.031028883216749126,38.57,MONITOR
0,0.052930696675046685,31.13,MONITOR
0,0.018566176994764372,43.08,MONITOR
0,0.0571764442655196,29.78,ALLOW
0,0.049763714435625994,32.16,MONITOR
0,0.0595536325795758,29.04,ALLOW
0,0.037941831703225515,36.14,MONITOR
0,0.09155832356770371,20.21,ALLOW
1,0.035625099492917145,36.95,MONITOR
0,0.05832683147488349,29.42,ALLOW
0,0.06160773033285649,28.41,ALLOW
0,0.030033637629990118,38.92,MONITOR
0,0.06573912635572199,27.17,ALLOW
0,0.07224001717387529,25.28,ALLOW
0,0.0146028460862061,44.55,MONITOR
0,0.10703223492626401,16.72,ALLOW
0,0.010682793491115894,46.0,MONITOR
0,0.05047201748521135,31.93,MONITOR
1,0.04946038573017153,32.26,MONITOR
0,0.06723851633689593,26.73,ALLOW
0,0.09594994509121674,19.17,ALLOW
0,0.08035178311972624,23.05,ALLOW
0,0.043028166072991536,34.4,MONITOR
0,0.02632483775085248,40.25,MONITOR
0,0.023703067019120172,41.2,MONITOR
0,0.005589147287630936,47.91,MONITOR
0,0.0767735686229386,24.02,ALLOW
0,-0.010187348116243666,53.81,MONITOR
0,0.0384836411347127,35.96,MONITOR
1,0.09345326131742515,19.75,ALLOW
0,0.047620761069479545,32.86,MONITOR
0,0.0313147216155194,38.47,MONITOR
0,0.020977106808552692,42.2,MONITOR
0,0.10854322087226786,16.41,ALLOW
0,0.03782920378185606,36.18,MONITOR
0,0.03509452491317844,37.14,MONITOR
0,0.06473815894127,27.47,ALLOW
0,0.05388024475868147,30.83,MONITOR
1,0.09675316355826646,18.98,ALLOW
0,0.019157761546142016,42.86,MONITOR
0,0.0425301779576116,34.57,MONITOR
0,0.049578180610106215,32.22,MONITOR
0,0.033529464907074535,37.68,MONITOR
0,0.04774024044200009,32.83,MONITOR
0,0.03938361720397321,35.65,MONITOR
0,0.03626911654051734,36.72,MONITOR
0,0.023635834240608222,41.23,MONITOR
1,0.05996949422367248,28.91,ALLOW
0,0.0403192157566683,35.32,MONITOR
0,0.059968626414459214,28.91,ALLOW
0,0.029171740894462173,39.23,MONITOR
0,0.041087367786712514,35.06,MONITOR
0,0.051026648194701596,31.75,MONITOR
0,0.025032089221657117,40.72,MONITOR
0,0.07753487008606863,23.81,ALLOW
0,0.04629886095640445,33.3,MONITOR
0,0.0831273592282451,22.32,ALLOW
0,0.030169178344838454,38.88,MONITOR
0,0.028458435151443195,39.49,MONITOR
0,-0.003198937400093471,51.2,MONITOR
0,0.07410232958532936,24.76,ALLOW
0,0.013972819182753504,44.78,MONITOR
0,0.04884903969833165,32.46,MONITOR
0,0.06641241676982879,26.97,ALLOW
0,0.028482866346894786,39.48,MONITOR
0,0.0434630281109335,34.26,MONITOR
0,0.07326147610824629,24.99,ALLOW
0,0.03581706881516766,36.88,MONITOR
0,0.04056109582300027,35.24,MONITOR
0,0.05584525663371798,30.2,MONITOR
0,0.034274199678534956,37.42,MONITOR
0,-0.0029632008873240467,51.11,MONITOR
0,0.0368485971741046,36.52,MONITOR
0,0.011153610873194553,45.83,MONITOR
0,0.05024514331528174,32.0,MONITOR
0,0.02538744430710904,40.59,MONITOR
0,0.05544207565087711,30.33,MONITOR
0,0.05193209640412855,31.45,MONITOR
0,0.03590304240918374,36.85,MONITOR
0,0.056495375130362624,30.0,MONITOR
1,0.03685262947275858,36.52,MONITOR
0,0.018602526356331084,43.07,MONITOR
0,0.062396219020731336,28.17,ALLOW
0,0.062422282749797886,28.16,ALLOW
0,0.11433507204442517,15.25,ALLOW
0,0.06707873144784993,26.77,ALLOW
1,0.027459313604139113,39.85,MONITOR
0,0.0586143996822428,29.33,ALLOW
0,0.03073165196568428,38.68,MONITOR
0,0.080813245289723,22.93,ALLOW
0,0.07736136022555862,23.86,ALLOW
0,0.03839492115639953,35.99,MONITOR
0,-0.00020669009048712716,50.08,MONITOR
0,0.04186336149957115,34.8,MONITOR
0,0.03327142978155784,37.78,MONITOR
0,0.06746047852289572,26.66,ALLOW
0,0.056193022613994614,30.09,MONITOR
1,0.029437887248320305,39.14,MONITOR
0,0.044027090926016865,34.06,MONITOR
0,0.06742503511111198,26.67,ALLOW
0,0.0006947632803547821,49.74,MONITOR
1,0.024523220692861614,40.91,MONITOR
0,0.0367282694366039,36.57,MONITOR
0,0.07678273480682607,24.02,ALLOW
0,0.042399906801189546,34.62,MONITOR
0,0.05468575996329428,30.57,MONITOR
0,0.060736642099833316,28.68,ALLOW
1,0.009866876547214187,46.31,MONITOR
0,0.012163665201560314,45.45,MONITOR
0,0.023346514330421675,41.33,MONITOR
0,0.05824398892571203,29.45,ALLOW
0,0.05876996044793681,29.29,ALLOW
0,0.04692192025500985,33.1,MONITOR
0,0.04555740393454266,33.55,MONITOR
1,0.07858378663174381,23.53,ALLOW
0,0.04238730286648529,34.62,MONITOR
0,0.04604322947626471,33.39,MONITOR
0,0.06039555272730901,28.78,ALLOW
0,0.031550525190524925,38.38,MONITOR
0,0.05381505989954094,30.85,MONITOR
1,0.056942157713494645,29.86,ALLOW
0,0.022894605706191284,41.5,MONITOR
0,0.02235935023151625,41.69,MONITOR
1,0.01553408245038923,44.2,MONITOR
0,0.08567628600448907,21.67,ALLOW
0,0.09188310918913906,20.13,ALLOW
0,0.06554590154334339,27.23,ALLOW
0,0.01548004056420893,44.22,MONITOR
0,0.10200630702897306,17.8,ALLOW
0,0.05020496156513976,32.02,MONITOR
1,0.004651250012807973,48.26,MONITOR
0,0.06806751971157865,26.48,ALLOW
0,0.016273870926462375,43.93,MONITOR
1,0.04578147294037571,33.48,MONITOR
0,0.036602546155650284,36.61,MONITOR
0,0.04655533079625018,33.22,MONITOR
0,0.020543088433943146,42.36,MONITOR
0,0.043046642982933814,34.4,MONITOR
0,0.04897787349945559,32.42,MONITOR
1,0.006673671838491102,47.5,MONITOR
0,0.038308206307664405,36.02,MONITOR
0,0.0340559980835502,37.5,MONITOR
0,0.08589281059770415,21.61,ALLOW
0,0.09797638697316918,18.7,ALLOW
0,0.033137747220433056,37.82,MONITOR
0,0.051720452869630784,31.52,MONITOR
0,0.0350447765184011,37.15,MONITOR
0,0.023167940499896567,41.4,MONITOR
0,0.08545516494396976,21.72,ALLOW
0,0.036708066938766715,36.57,MONITOR
0,0.0444794207951299,33.91,MONITOR
0,0.02769115544497136,39.76,MONITOR
0,0.04938705977695035,32.28,MONITOR
0,0.08670637628900635,21.41,ALLOW
0,0.01571381724771692,44.13,MONITOR
0,0.0178408786279477,43.35,MONITOR
0,0.04784499203547854,32.79,MONITOR
0,0.054162356699612446,30.74,MONITOR
0,0.03339150397781021,37.73,MONITOR
0,0.028558013244422753,39.45,MONITOR
0,0.04897667285360119,32.42,MONITOR
0,0.08489933491396562,21.87,ALLOW
0,0.05949187157581126,29.06,ALLOW
0,0.030261011446180874,38.84,MONITOR
0,0.07037375035868443,25.81,ALLOW
0,0.03769997748180498,36.23,MONITOR
0,0.06418093136236225,27.63,ALLOW
0,0.05940610777846078,29.09,ALLOW
0,0.03086799300458376,38.63,MONITOR
0,0.038533256449620024,35.94,MONITOR
0,0.03603600307922239,36.81,MONITOR
0,0.05585843161254023,30.2,MONITOR
0,0.03743095849193023,36.32,MONITOR
0,0.07421449615524167,24.73,ALLOW
0,0.030366012230887085,38.81,MONITOR
0,0.08564816344156023,21.67,ALLOW
0,0.07200878865189564,25.35,ALLOW
0,0.062018152877683086,28.29,ALLOW
0,0.028297462228543457,39.54,MONITOR
1,0.05469971658056516,30.57,MONITOR
0,0.045486183345978426,33.57,MONITOR
1,0.05220305269494685,31.37,MONITOR
0,0.030403680742815298,38.79,MONITOR
1,0.012034278833803036,45.5,MONITOR
0,0.006786510870468887,47.46,MONITOR
0,0.06331637437809512,27.89,ALLOW
0,0.10086028968214567,18.05,ALLOW
0,0.04041227970941441,35.29,MONITOR
0,0.029715457101330944,39.04,MONITOR
0,0.02204844774912329,41.81,MONITOR
0,0.08270533990477424,22.43,ALLOW
0,0.027120878006577365,39.97,MONITOR
0,0.01581127937453719,44.1,MONITOR
0,0.060256120069931196,28.83,ALLOW
0,0.09134865866541764,20.26,ALLOW
0,0.02839336785528479,39.51,MONITOR
0,0.04920467411935536,32.34,MONITOR
1,0.024060428277548396,41.07,MONITOR
0,0.06156954923190938,28.42,ALLOW
0,0.02435634735674186,40.97,MONITOR
0,0.047473222333764276,32.91,MONITOR
0,0.008995165833184493,46.63,MONITOR
0,0.06735491080568135,26.69,ALLOW
0,0.015306985368709003,44.28,MONITOR
0,0.03091626471455855,38.61,MONITOR
0,0.03533754834469094,37.05,MONITOR
0,0.0534993350750782,30.95,MONITOR
0,0.05026592952502329,32.0,MONITOR
0,0.09739502990669391,18.83,ALLOW
0,0.04235386148928699,34.63,MONITOR
0,0.06250685893977737,28.14,ALLOW
0,0.040815942918761894,35.15,MONITOR
0,0.055757295488799596,30.23,MONITOR
0,0.058033203813214196,29.52,ALLOW
0,0.03149778867450537,38.4,MONITOR
0,0.060715875306722955,28.68,ALLOW
1,0.019399723085870013,42.78,MONITOR
0,0.046195426488734315,33.34,MONITOR
0,0.08634377155739181,21.5,ALLOW
0,0.04936517360686832,32.29,MONITOR
0,0.0365496879617091,36.63,MONITOR
1,0.025074076189736783,40.71,MONITOR
0,0.056549013441013374,29.98,ALLOW
0,-0.009765860901035484,53.66,MONITOR
1,0.03147365579978789,38.41,MONITOR
1,0.0261285296949626,40.33,MONITOR
0,0.03041967697020409,38.79,MONITOR
1,0.012987428861614414,45.15,MONITOR
0,0.06500633654016463,27.39,ALLOW
0,0.0614587983322612,28.46,ALLOW
0,0.06008078189692956,28.88,ALLOW
0,0.025077709993194586,40.71,MONITOR
0,0.040922453038316875,35.12,MONITOR
0,0.04061932371877064,35.22,MONITOR
0,0.001619294602984267,49.39,MONITOR
0,0.05164556502602857,31.55,MONITOR
0,0.07190902645442088,25.38,ALLOW
0,0.0468027754889776,33.14,MONITOR
1,0.04360978376059366,34.21,MONITOR
0,0.0415653322964854,34.9,MONITOR
0,0.05760814138036785,29.65,ALLOW
0,0.021738419135077902,41.92,MONITOR
0,0.055843769443655655,30.2,MONITOR
0,0.0217521349197779,41.91,MONITOR
0,0.06503833062300501,27.38,ALLOW
0,0.043932675586468184,34.1,MONITOR
0,0.04364352826322837,34.19,MONITOR
1,0.013461861532301,44.97,MONITOR
0,0.04762511990350915,32.86,MONITOR
0,0.05983519724742936,28.96,ALLOW
0,0.028354905386132945,39.52,MONITOR
0,0.0956844144415891,19.23,ALLOW
0,0.05698556239926933,29.84,ALLOW
0,0.04856843709893499,32.55,MONITOR
0,0.07078702256301084,25.7,ALLOW
0,0.08549206108149054,21.71,ALLOW
0,0.05741032002021196,29.71,ALLOW
0,0.09987794368279762,18.27,ALLOW
0,0.05940476387042648,29.09,ALLOW
0,0.020130331417145708,42.51,MONITOR
0,0.08526107345049827,21.77,ALLOW
0,0.06637533282700403,26.98,ALLOW
0,0.06768927200196173,26.59,ALLOW
0,0.0715715571951373,25.47,ALLOW
0,0.0817598565796982,22.68,ALLOW
0,0.04137391651325928,34.96,MONITOR
0,0.04443231958513516,33.93,MONITOR
1,0.040172604285197866,35.38,MONITOR
0,0.04670849610390404,33.17,MONITOR
0,0.0388819691445661,35.82,MONITOR
0,0.013434777081490323,44.98,MONITOR
0,0.026937369994260996,40.03,MONITOR
0,0.08944738679245368,20.72,ALLOW
0,0.05739949576238734,29.71,ALLOW
0,0.048969565035996254,32.42,MONITOR
1,0.017986537771286448,43.3,MONITOR
0,0.03823307731018977,36.04,MONITOR
0,0.027277909742261297,39.91,MONITOR
1,0.07516539035623004,24.46,ALLOW
1,0.028005235780536708,39.65,MONITOR
0,0.06637967694992808,26.98,ALLOW
0,0.07513629434682645,24.47,ALLOW
0,0.03818944552312531,36.06,MONITOR
0,0.037947184143268475,36.14,MONITOR
0,0.09713529266356191,18.89,ALLOW
0,0.04032923311166692,35.32,MONITOR
0,0.031753057112397065,38.31,MONITOR
0,0.03617773152366899,36.76,MONITOR
0,0.035306604526665564,37.06,MONITOR
0,0.05473891245881346,30.55,MONITOR
